ID,RA_DMS,DEC_DMS,SEMI_MAJ_PC,SEMI_MIN_PC,AVG_RAD_PC,PA_DEG,ARM,DIST_ARM_PC,GAL_RAD_KPC,RA_DEG,DEC_DEG
1,24d08m43.1s,15d48m35.9s,64,62,63,-90,4,-245,6.54,24.145305555555556,15.809972222222223
2,24d08m48.3s,15d48m11.5s,59,53,57,50,3,217,5.6,24.14675,15.803194444444445
3,24d08m50.2s,15d48m25.8s,50,47,49,0,3,247,5.97,24.147277777777777,15.807166666666667
4,24d08m51.2s,15d48m15.5s,73,67,71,-90,3,203,5.61,24.147555555555556,15.804305555555556
5,24d08m51.5s,15d48m19.9s,46,43,45,-90,3,216,5.73,24.14763888888889,15.805527777777778
6,24d08m52.3s,15d48m22.8s,44,41,43,-90,3,221,5.8,24.147861111111112,15.806333333333335
7,24d08m53.8s,15d48m41.9s,44,42,43,0,3,285,6.4,24.14827777777778,15.81163888888889
8,24d08m54.4s,15d48m7.7s,31,30,30,0,3,157,5.27,24.148444444444443,15.802138888888889
9,24d08m54.9s,15d48m13.7s,58,57,58,-90,3,167,5.42,24.148583333333335,15.803805555555556
10,24d08m55.3s,15d48m16.8s,66,60,64,0,3,175,5.51,24.148694444444445,15.804666666666668
11,24d08m55.3s,15d48m4.9s,17,17,17,0,3,144,5.15,24.148694444444445,15.801361111111111
12,24d08m55.4s,15d48m5.6s,35,32,34,0,3,144,5.17,24.148722222222222,15.801555555555556
13,24d08m56.1s,15d48m3.9s,24,23,24,-90,3,134,5.09,24.148916666666665,15.801083333333334
14,24d08m56.8s,15d48m3.1s,31,26,29,0,3,127,5.05,24.14911111111111,15.800861111111113
15,24d08m57.1s,15d48m5.5s,156,110,141,60,3,130,5.11,24.149194444444444,15.801527777777778
16,24d08m58.1s,15d48m2.9s,24,24,24,0,3,115,4.99,24.149472222222222,15.800805555555556
17,24d08m58.7s,15d48m3.7s,36,34,35,0,3,112,5.0,24.149638888888887,15.801027777777778
18,24d08m59.4s,15d48m23.5s,107,97,104,-90,3,166,5.59,24.149833333333333,15.806527777777779
19,24d08m59.4s,15d47m52.4s,228,162,206,0,3,88,4.66,24.149833333333333,15.797888888888888
20,24d08m59.7s,15d48m19.8s,77,64,72,-90,3,151,5.45,24.149916666666666,15.8055
21,24d09m1.1s,15d48m5.3s,33,24,30,0,3,96,4.95,24.150305555555555,15.801472222222223
22,24d09m1.3s,15d48m3.9s,23,22,23,-90,3,92,4.91,24.15036111111111,15.801083333333334
23,24d09m1.6s,15d47m38.7s,30,30,30,0,3,69,4.27,24.150444444444442,15.794083333333333
24,24d09m2.5s,15d48m37.6s,93,84,90,0,3,202,5.99,24.150694444444444,15.810444444444444
25,24d09m2.5s,15d48m2.8s,28,27,28,0,3,78,4.83,24.150694444444444,15.800777777777778
26,24d09m3.1s,15d47m35.8s,42,42,42,0,3,57,4.15,24.15086111111111,15.793277777777778
27,24d09m3.8s,15d48m23.6s,61,59,60,-90,3,133,5.45,24.151055555555555,15.806555555555557
28,24d09m4.0s,15d48m10.5s,179,176,178,0,3,84,5.01,24.15111111111111,15.802916666666667
29,24d09m4.1s,15d48m6.5s,38,37,38,0,3,74,4.88,24.151138888888887,15.801805555555557
30,24d09m4.1s,15d47m33.1s,38,32,36,0,3,47,4.05,24.151138888888887,15.792527777777778
31,24d09m4.9s,15d47m28.8s,27,24,26,0,3,47,3.95,24.15136111111111,15.791333333333332
32,24d09m5.2s,15d48m5.3s,30,29,30,-90,3,61,4.81,24.151444444444444,15.801472222222223
33,24d09m5.5s,15d48m6.5s,38,35,37,-90,3,62,4.83,24.151527777777776,15.801805555555557
34,24d09m5.6s,15d47m24.4s,26,26,26,0,3,44,3.85,24.151555555555554,15.790111111111111
35,24d09m5.6s,15d47m34.1s,32,25,30,0,3,34,4.01,24.151555555555554,15.792805555555555
36,24d09m6.1s,15d47m32.5s,22,21,21,0,3,31,3.96,24.151694444444445,15.792361111111111
37,24d09m6.3s,15d47m25.3s,24,24,24,0,3,36,3.83,24.15175,15.79036111111111
38,24d09m7.3s,15d48m5.5s,21,19,20,0,3,44,4.74,24.152027777777775,15.801527777777778
39,24d09m7.6s,15d48m13.6s,31,28,30,0,3,65,4.99,24.15211111111111,15.803777777777778
40,24d09m7.7s,15d48m6.1s,24,21,23,-90,3,43,4.74,24.15213888888889,15.801694444444445
41,24d09m8.2s,15d47m22.1s,61,61,61,0,3,29,3.7,24.152277777777776,15.789472222222223
42,24d09m8.9s,15d47m24.6s,33,33,33,0,3,17,3.71,24.152472222222222,15.790166666666666
43,24d09m8.9s,15d48m13.0s,35,26,32,-90,3,53,4.92,24.152472222222222,15.803611111111111
44,24d09m9.4s,15d47m23.7s,26,26,26,0,3,15,3.67,24.15261111111111,15.789916666666667
45,24d09m9.8s,15d48m4.8s,29,21,26,0,3,22,4.63,24.15272222222222,15.801333333333334
46,24d09m10.9s,15d48m11.3s,48,46,47,0,3,31,4.8,24.153027777777776,15.80313888888889
47,24d09m11.6s,15d47m50.0s,35,32,34,0,3,-16,4.13,24.153222222222222,15.797222222222222
48,24d09m11.6s,15d47m16.6s,48,38,44,0,3,10,3.49,24.153222222222222,15.787944444444443
49,24d09m11.8s,15d47m50.8s,29,26,28,0,3,-19,4.14,24.153277777777777,15.797444444444444
50,24d09m12.3s,15d48m12.9s,64,64,64,0,3,26,4.81,24.153416666666665,15.803583333333334
51,24d09m12.3s,15d48m2.6s,74,66,72,-90,3,-3,4.47,24.153416666666665,15.800722222222223
52,24d09m12.9s,15d48m11.0s,61,52,58,0,3,14,4.73,24.153583333333334,15.803055555555556
53,24d09m13.0s,15d48m8.4s,28,26,27,0,3,4,4.64,24.15361111111111,15.802333333333333
54,24d09m13.4s,15d48m15.0s,49,43,47,-90,3,28,4.85,24.15372222222222,15.804166666666667
55,24d09m13.6s,15d48m7.2s,29,28,28,0,3,1,4.58,24.153777777777776,15.802000000000001
56,24d09m13.7s,15d48m5.7s,27,22,25,0,3,-8,4.53,24.153805555555554,15.801583333333333
57,24d09m13.7s,15d47m52.1s,38,34,37,0,3,-29,4.11,24.153805555555554,15.797805555555556
58,24d09m14.1s,15d47m53.4s,24,24,24,0,3,-31,4.13,24.153916666666664,15.798166666666667
59,24d09m14.2s,15d48m5.4s,43,36,41,0,3,-12,4.5,24.15394444444444,15.8015
60,24d09m14.4s,15d48m6.8s,31,29,30,0,3,-7,4.54,24.154,15.80188888888889
61,24d09m14.5s,15d48m8.4s,28,21,25,0,3,-8,4.59,24.154027777777777,15.802333333333333
62,24d09m14.7s,15d47m54.2s,31,31,31,0,3,-37,4.14,24.154083333333332,15.798388888888889
63,24d09m15.6s,15d48m3.0s,32,29,31,0,3,-26,4.38,24.154333333333334,15.800833333333333
64,24d09m15.7s,15d48m13.7s,28,27,28,0,3,6,4.73,24.15436111111111,15.803805555555556
65,24d09m16.3s,15d47m1.9s,32,28,31,0,3,21,3.19,24.154527777777776,15.783861111111111
66,24d09m16.9s,15d47m3.7s,103,91,99,0,3,11,3.17,24.15469444444444,15.78436111111111
67,24d09m17.5s,15d48m13.4s,65,46,59,-90,3,-8,4.66,24.15486111111111,15.803722222222223
68,24d09m17.7s,15d47m1.5s,35,33,34,0,3,11,3.13,24.154916666666665,15.78375
69,24d09m20.9s,15d48m9.6s,62,46,56,0,3,-50,4.42,24.155805555555553,15.802666666666667
70,24d09m21.4s,15d48m1.3s,235,198,223,-90,3,-79,4.12,24.155944444444444,15.800361111111112
71,24d09m21.8s,15d48m11.4s,17,16,17,0,3,-50,4.46,24.156055555555554,15.803166666666668
72,24d09m22.3s,15d48m21.8s,25,25,25,0,3,-17,4.83,24.15619444444444,15.806055555555556
73,24d09m23.1s,15d48m14.3s,22,21,21,0,3,-51,4.53,24.156416666666665,15.803972222222223
74,24d09m24.1s,15d48m12.7s,18,17,18,0,3,-65,4.44,24.156694444444444,15.803527777777779
75,24d09m26.4s,15d47m16.4s,42,40,41,0,3,-110,2.83,24.15733333333333,15.787888888888888
76,24d09m26.7s,15d48m18.4s,28,23,26,0,3,-66,4.58,24.157416666666666,15.805111111111112
77,24d09m26.7s,15d47m5.5s,66,56,63,0,3,-71,2.73,24.157416666666666,15.78486111111111
78,24d09m27.0s,15d47m17.3s,28,26,27,-90,3,-117,2.81,24.1575,15.78813888888889
79,24d09m27.2s,15d46m29.6s,29,28,29,0,4,-137,3.08,24.157555555555554,15.77488888888889
80,24d09m27.3s,15d48m22.5s,44,38,42,0,3,-48,4.73,24.15758333333333,15.80625
81,24d09m27.5s,15d47m18.4s,34,29,32,0,2,114,2.81,24.157638888888886,15.788444444444444
82,24d09m27.6s,15d47m15.5s,18,16,18,0,2,113,2.76,24.157666666666664,15.787638888888889
83,24d09m28.4s,15d46m26.9s,18,17,18,-90,4,-121,3.1,24.157888888888888,15.77413888888889
84,24d09m28.5s,15d47m8.9s,17,17,17,0,3,-98,2.66,24.157916666666665,15.785805555555555
85,24d09m28.6s,15d48m28.7s,71,63,68,0,3,-30,4.94,24.157944444444443,15.807972222222222
86,24d09m28.8s,15d48m14.2s,74,68,72,0,3,-95,4.36,24.157999999999998,15.803944444444445
87,24d09m29.3s,15d47m17.8s,38,36,38,0,2,98,2.72,24.15813888888889,15.788277777777777
88,24d09m29.3s,15d47m2.3s,26,22,25,0,3,-79,2.6,24.15813888888889,15.783972222222221
89,24d09m30.1s,15d46m19.1s,34,32,33,-90,4,-66,3.25,24.15836111111111,15.771972222222223
90,24d09m30.4s,15d47m8.7s,23,21,23,0,2,96,2.58,24.15844444444444,15.78575
91,24d09m30.7s,15d48m15.5s,23,21,22,0,3,-107,4.36,24.158527777777778,15.804305555555556
92,24d09m30.8s,15d46m58.9s,9,9,9,0,3,-73,2.53,24.158555555555555,15.783027777777779
93,24d09m30.8s,15d46m59.6s,16,14,16,-90,3,-75,2.53,24.158555555555555,15.783222222222223
94,24d09m31.0s,15d47m8.9s,18,17,17,-90,2,90,2.55,24.15861111111111,15.785805555555555
95,24d09m31.0s,15d47m8.3s,18,18,18,-90,2,90,2.54,24.15861111111111,15.785638888888888
96,24d09m31.1s,15d48m26.0s,64,48,58,0,3,-60,4.77,24.158638888888888,15.807222222222222
97,24d09m31.4s,15d46m59.2s,18,16,17,0,3,-78,2.51,24.15872222222222,15.783111111111111
98,24d09m31.6s,15d47m3.8s,78,69,75,0,2,92,2.5,24.158777777777775,15.78438888888889
99,24d09m31.6s,15d46m60.0s,27,23,26,-90,3,-83,2.49,24.158777777777775,15.783333333333335
100,24d09m31.6s,15d48m24.6s,39,37,39,0,3,-71,4.7,24.158777777777775,15.806833333333334
101,24d09m31.7s,15d46m17.1s,29,28,29,0,4,-60,3.26,24.158805555555553,15.771416666666667
102,24d09m31.9s,15d47m7.0s,35,29,33,-90,2,84,2.5,24.15886111111111,15.785277777777777
103,24d09m32.1s,15d48m32.1s,38,28,35,-90,3,-37,5.0,24.158916666666666,15.808916666666667
104,24d09m32.7s,15d48m24.2s,36,34,35,0,3,-81,4.66,24.15908333333333,15.806722222222223
105,24d09m32.7s,15d46m59.5s,22,21,22,-90,2,90,2.44,24.15908333333333,15.783194444444446
106,24d09m32.8s,15d48m29.7s,25,21,24,0,3,-55,4.88,24.15911111111111,15.808250000000001
107,24d09m32.9s,15d48m31.4s,41,32,38,-50,3,-47,4.95,24.159138888888886,15.808722222222222
108,24d09m33.2s,15d48m19.6s,25,24,24,-90,3,-106,4.46,24.15922222222222,15.805444444444445
109,24d09m33.4s,15d47m59.8s,65,56,62,0,3,-183,3.7,24.159277777777778,15.799944444444444
110,24d09m33.6s,15d47m7.2s,23,20,22,0,2,69,2.42,24.159333333333333,15.785333333333334
111,24d09m33.7s,15d48m17.2s,108,91,103,0,3,-122,4.35,24.15936111111111,15.804777777777778
112,24d09m34.5s,15d48m27.2s,62,62,62,0,3,-79,4.74,24.15958333333333,15.807555555555556
113,24d09m34.6s,15d46m40.4s,50,36,45,0,2,143,2.55,24.15961111111111,15.77788888888889
114,24d09m34.8s,15d48m32.8s,70,56,66,-90,3,-52,4.96,24.159666666666666,15.809111111111111
115,24d09m35.1s,15d46m2.3s,38,34,37,0,4,49,3.65,24.15975,15.767305555555556
116,24d09m35.2s,15d48m30.5s,50,48,50,0,3,-68,4.86,24.159777777777776,15.808472222222223
117,24d09m35.6s,15d47m6.2s,67,58,64,0,2,55,2.32,24.159888888888887,15.785055555555555
118,24d09m35.6s,15d48m26.1s,49,43,47,0,3,-92,4.67,24.159888888888887,15.807250000000002
119,24d09m35.6s,15d46m22.9s,22,20,21,0,4,-122,2.94,24.159888888888887,15.773027777777779
120,24d09m35.8s,15d47m8.1s,47,42,45,0,2,49,2.32,24.15994444444444,15.785583333333333
121,24d09m35.9s,15d46m59.0s,18,17,18,0,2,64,2.3,24.15997222222222,15.783055555555556
122,24d09m36.1s,15d47m32.4s,19,18,19,0,2,55,2.73,24.160027777777778,15.792333333333334
123,24d09m36.4s,15d47m54.5s,44,39,43,-90,2,140,3.41,24.16011111111111,15.798472222222221
124,24d09m36.5s,15d47m31.6s,17,16,17,0,2,50,2.69,24.160138888888888,15.792111111111112
125,24d09m36.6s,15d48m28.2s,62,62,62,0,3,-89,4.73,24.160166666666665,15.807833333333335
126,24d09m36.7s,15d47m32.1s,19,17,18,0,2,50,2.7,24.160194444444443,15.79225
127,24d09m36.7s,15d48m35.8s,35,31,34,0,3,-45,5.05,24.160194444444443,15.809944444444445
128,24d09m36.7s,15d47m10.7s,38,37,38,-90,2,40,2.3,24.160194444444443,15.786305555555556
129,24d09m36.8s,15d46m23.4s,19,18,19,-90,4,-129,2.89,24.16022222222222,15.773166666666668
130,24d09m37.1s,15d48m30.3s,20,20,20,0,3,-82,4.81,24.160305555555553,15.808416666666668
131,24d09m37.2s,15d48m29.8s,19,17,18,0,3,-87,4.78,24.16033333333333,15.808277777777779
132,24d09m37.3s,15d47m30.4s,57,52,55,0,2,40,2.63,24.16036111111111,15.791777777777778
133,24d09m37.5s,15d46m59.4s,48,44,47,0,2,50,2.22,24.160416666666666,15.783166666666668
134,24d09m37.6s,15d47m6.6s,16,15,15,0,2,38,2.23,24.160444444444444,15.785166666666667
135,24d09m37.8s,15d47m7.3s,15,11,14,0,2,34,2.23,24.1605,15.785361111111111
136,24d09m37.8s,15d47m6.9s,13,11,12,-90,2,35,2.22,24.1605,15.78525
137,24d09m38.0s,15d47m54.9s,23,22,23,0,2,133,3.38,24.160555555555554,15.798583333333333
138,24d09m38.5s,15d47m6.7s,24,21,23,0,2,32,2.19,24.16069444444444,15.785194444444445
139,24d09m38.5s,15d48m9.6s,52,38,47,0,3,-189,3.93,24.16069444444444,15.802666666666667
140,24d09m38.7s,15d45m56.1s,26,25,25,0,4,93,3.79,24.16075,15.765583333333334
141,24d09m38.7s,15d46m11.5s,32,24,29,0,4,-37,3.21,24.16075,15.769861111111112
142,24d09m39.0s,15d47m27.6s,29,28,29,-90,2,21,2.5,24.160833333333333,15.791
143,24d09m39.0s,15d47m28.9s,32,30,31,-90,2,22,2.53,24.160833333333333,15.791361111111112
144,24d09m39.0s,15d46m15.5s,33,32,32,0,4,-70,3.06,24.160833333333333,15.770972222222223
145,24d09m39.2s,15d47m8.0s,20,20,20,-90,2,20,2.17,24.160888888888888,15.785555555555556
146,24d09m39.3s,15d47m6.3s,20,18,19,0,2,25,2.16,24.160916666666665,15.785083333333333
147,24d09m39.3s,15d45m57.0s,33,29,32,0,4,83,3.73,24.160916666666665,15.765833333333333
148,24d09m40.2s,15d47m28.7s,34,34,34,-90,2,11,2.48,24.161166666666666,15.791305555555555
149,24d09m40.5s,15d46m5.6s,32,26,30,0,4,10,3.37,24.16125,15.768222222222223
150,24d09m40.9s,15d47m11.8s,27,24,26,0,2,4,2.13,24.16136111111111,15.78661111111111
151,24d09m41.1s,15d48m37.3s,26,24,25,0,3,-63,5.03,24.161416666666664,15.810361111111112
152,24d09m41.2s,15d47m12.5s,21,21,21,-90,2,2,2.12,24.16144444444444,15.786805555555555
153,24d09m41.2s,15d46m45.9s,33,32,33,0,2,69,2.18,24.16144444444444,15.779416666666668
154,24d09m41.3s,15d47m10.8s,26,25,25,-90,2,2,2.1,24.16147222222222,15.786333333333333
155,24d09m41.6s,15d46m50.2s,22,19,21,0,2,49,2.1,24.161555555555555,15.780611111111112
156,24d09m41.7s,15d48m32.8s,39,37,38,0,3,-95,4.82,24.161583333333333,15.809111111111111
157,24d09m42.0s,15d47m12.1s,29,28,29,-90,2,-5,2.08,24.161666666666665,15.786694444444445
158,24d09m42.1s,15d47m14.9s,56,47,53,-90,2,-12,2.12,24.161694444444443,15.787472222222222
159,24d09m42.1s,15d47m10.9s,26,22,25,-90,2,-5,2.06,24.161694444444443,15.78636111111111
160,24d09m42.3s,15d46m38.5s,33,28,31,0,2,98,2.28,24.161749999999998,15.777361111111112
161,24d09m42.3s,15d46m3.0s,40,33,38,0,4,27,3.42,24.161749999999998,15.7675
162,24d09m42.7s,15d47m1.3s,30,26,28,-90,2,2,1.98,24.16186111111111,15.783694444444444
163,24d09m42.8s,15d48m31.2s,54,50,53,-90,3,-112,4.73,24.16188888888889,15.808666666666667
164,24d09m42.9s,15d47m12.7s,31,31,31,0,2,-12,2.05,24.161916666666666,15.786861111111111
165,24d09m43.1s,15d46m41.1s,42,40,41,0,2,80,2.18,24.16197222222222,15.778083333333335
166,24d09m43.2s,15d47m15.1s,55,53,54,0,2,-21,2.07,24.162,15.787527777777777
167,24d09m43.2s,15d48m33.8s,77,71,75,0,3,-98,4.84,24.162,15.80938888888889
168,24d09m43.3s,15d47m1.3s,22,18,20,-90,2,-2,1.96,24.162027777777777,15.783694444444444
169,24d09m43.3s,15d46m10.0s,29,26,28,0,4,-36,3.13,24.162027777777777,15.769444444444446
170,24d09m43.4s,15d46m58.5s,40,33,38,0,2,6,1.96,24.162055555555554,15.782916666666667
171,24d09m43.5s,15d46m3.8s,28,27,27,-90,4,16,3.36,24.16208333333333,15.767722222222224
172,24d09m44.4s,15d46m54.0s,24,19,23,0,2,13,1.94,24.162333333333333,15.781666666666668
173,24d09m44.5s,15d48m35.5s,78,75,77,0,3,-95,4.89,24.16236111111111,15.809861111111111
174,24d09m44.5s,15d46m9.3s,24,22,23,-90,4,-30,3.12,24.16236111111111,15.769250000000001
175,24d09m45.1s,15d47m45.5s,28,26,28,0,2,32,2.83,24.162527777777775,15.795972222222222
176,24d09m45.2s,15d46m12.6s,20,19,19,-90,4,-60,2.98,24.162555555555553,15.770166666666668
177,24d09m45.2s,15d47m1.1s,34,33,33,-90,2,-13,1.87,24.162555555555553,15.78363888888889
178,24d09m45.3s,15d46m11.3s,22,21,22,-90,4,-49,3.02,24.16258333333333,15.769805555555557
179,24d09m45.4s,15d46m57.8s,60,59,60,-90,2,-7,1.87,24.162611111111108,15.782722222222223
180,24d09m45.5s,15d46m4.5s,53,33,46,0,4,6,3.28,24.16263888888889,15.767916666666668
181,24d09m45.5s,15d47m56.3s,16,16,16,0,2,96,3.22,24.16263888888889,15.798972222222222
182,24d09m45.7s,15d47m48.0s,26,26,26,0,2,42,2.9,24.162694444444444,15.796666666666667
183,24d09m45.9s,15d47m56.4s,42,42,42,0,2,94,3.21,24.16275,15.799
184,24d09m46.0s,15d47m22.9s,35,33,34,-90,2,-46,2.11,24.162777777777777,15.789694444444445
185,24d09m46.0s,15d45m58.4s,20,18,19,-90,4,55,3.51,24.162777777777777,15.766222222222222
186,24d09m46.0s,15d46m59.7s,39,37,38,0,2,-18,1.83,24.162777777777777,15.78325
187,24d09m46.1s,15d47m48.6s,23,21,22,0,2,44,2.91,24.162805555555554,15.796833333333334
188,24d09m46.3s,15d46m10.7s,18,18,18,0,4,-47,3.02,24.16286111111111,15.76963888888889
189,24d09m46.3s,15d47m50.9s,44,42,43,-90,2,56,2.99,24.16286111111111,15.797472222222222
190,24d09m46.5s,15d47m47.8s,23,18,21,0,2,36,2.87,24.162916666666664,15.796611111111112
191,24d09m46.5s,15d46m12.3s,19,17,18,0,4,-61,2.95,24.162916666666664,15.770083333333334
192,24d09m46.6s,15d47m49.4s,23,23,23,0,2,45,2.93,24.16294444444444,15.797055555555556
193,24d09m46.6s,15d46m17.1s,26,26,26,0,4,-103,2.77,24.16294444444444,15.771416666666667
194,24d09m46.8s,15d45m56.8s,34,30,33,0,4,69,3.56,24.163,15.765777777777778
195,24d09m47.1s,15d45m46.1s,27,27,27,0,4,162,4.0,24.163083333333333,15.762805555555556
196,24d09m47.2s,15d47m30.5s,28,26,28,0,2,-36,2.26,24.16311111111111,15.791805555555555
197,24d09m47.2s,15d46m56.9s,89,82,87,-90,2,-18,1.79,24.16311111111111,15.782472222222223
198,24d09m47.3s,15d47m49.2s,25,23,24,0,2,39,2.9,24.163138888888888,15.797
199,24d09m47.7s,15d45m59.7s,48,41,46,0,4,43,3.42,24.163249999999998,15.766583333333333
200,24d09m47.7s,15d47m42.2s,91,91,91,0,2,-2,2.63,24.163249999999998,15.795055555555555
201,24d09m48.4s,15d46m3.5s,69,46,61,0,4,8,3.24,24.163444444444444,15.76763888888889
202,24d09m48.5s,15d45m57.3s,44,41,43,0,4,61,3.49,24.16347222222222,15.765916666666667
203,24d09m48.8s,15d48m39.5s,32,20,28,60,3,-94,4.99,24.163555555555554,15.810972222222222
204,24d09m49.0s,15d47m57.2s,87,83,86,-90,2,80,3.17,24.16361111111111,15.799222222222221
205,24d09m49.8s,15d48m8.2s,364,338,356,-90,2,152,3.61,24.163833333333333,15.802277777777778
206,24d09m49.8s,15d46m39.0s,36,31,34,-90,2,47,1.96,24.163833333333333,15.777500000000002
207,24d09m49.9s,15d46m48.7s,38,36,37,0,2,-5,1.76,24.16386111111111,15.780194444444446
208,24d09m50.3s,15d46m16.4s,27,23,25,0,4,-107,2.69,24.16397222222222,15.771222222222223
209,24d09m50.3s,15d45m55.0s,24,20,23,0,4,78,3.55,24.16397222222222,15.765277777777778
210,24d09m50.4s,15d45m42.5s,28,27,28,0,4,189,4.09,24.163999999999998,15.761805555555556
211,24d09m50.5s,15d46m22.0s,44,40,43,0,2,155,2.47,24.164027777777775,15.772777777777778
212,24d09m50.5s,15d45m44.8s,58,57,57,-90,4,169,3.98,24.164027777777775,15.762444444444444
213,24d09m51.0s,15d46m0.9s,73,65,71,0,4,25,3.29,24.164166666666667,15.766916666666667
214,24d09m51.1s,15d46m51.1s,16,16,16,0,2,-24,1.67,24.164194444444444,15.780861111111111
215,24d09m51.1s,15d47m44.3s,30,23,27,0,2,-14,2.6,24.164194444444444,15.795638888888888
216,24d09m51.4s,15d46m23.2s,17,16,17,0,2,142,2.4,24.164277777777777,15.773111111111112
217,24d09m51.4s,15d45m42.4s,28,28,28,0,4,189,4.08,24.164277777777777,15.761777777777779
218,24d09m51.6s,15d47m52.6s,28,26,28,-90,2,35,2.92,24.16433333333333,15.797944444444445
219,24d09m51.7s,15d46m14.0s,29,27,28,0,4,-87,2.74,24.16436111111111,15.770555555555557
220,24d09m52.1s,15d46m23.6s,24,23,24,0,2,136,2.37,24.16447222222222,15.773222222222223
221,24d09m52.1s,15d48m16.8s,69,49,62,0,2,207,3.93,24.16447222222222,15.804666666666668
222,24d09m52.2s,15d47m50.4s,46,37,43,-90,2,17,2.81,24.1645,15.797333333333333
223,24d09m52.2s,15d46m39.5s,44,39,43,0,2,29,1.86,24.1645,15.77763888888889
224,24d09m52.5s,15d46m57.9s,28,25,27,0,2,-62,1.54,24.164583333333333,15.78275
225,24d09m52.6s,15d47m52.1s,25,24,25,0,2,26,2.88,24.16461111111111,15.797805555555556
226,24d09m53.0s,15d46m4.2s,28,24,27,0,4,-5,3.11,24.16472222222222,15.767833333333334
227,24d09m53.0s,15d45m37.0s,43,41,43,-90,4,234,4.29,24.16472222222222,15.760277777777778
228,24d09m53.0s,15d46m12.9s,24,22,23,0,4,-79,2.75,24.16472222222222,15.77025
229,24d09m53.2s,15d46m49.3s,54,47,52,0,2,-34,1.6,24.164777777777775,15.780361111111112
230,24d09m53.2s,15d47m52.8s,25,25,25,0,2,26,2.88,24.164777777777775,15.798
231,24d09m53.3s,15d46m22.4s,32,26,30,0,2,136,2.38,24.164805555555553,15.77288888888889
232,24d09m53.6s,15d47m48.4s,24,21,23,0,2,-4,2.7,24.16488888888889,15.796777777777777
233,24d09m53.6s,15d46m0.2s,20,15,19,0,4,30,3.26,24.16488888888889,15.766722222222223
234,24d09m53.8s,15d46m50.1s,40,38,39,0,2,-41,1.57,24.164944444444444,15.780583333333334
235,24d09m54.1s,15d46m11.3s,26,23,25,0,4,-68,2.79,24.165027777777777,15.769805555555557
236,24d09m54.2s,15d45m59.8s,20,15,18,0,4,30,3.27,24.165055555555554,15.76661111111111
237,24d09m54.2s,15d47m47.5s,39,33,37,0,2,-13,2.65,24.165055555555554,15.796527777777778
238,24d09m54.5s,15d48m17.6s,47,46,46,-90,2,205,3.93,24.165138888888887,15.80488888888889
239,24d09m54.8s,15d47m58.4s,37,37,37,0,2,55,3.08,24.16522222222222,15.799555555555555
240,24d09m55.0s,15d46m15.3s,58,54,57,0,4,-104,2.6,24.165277777777778,15.770916666666668
241,24d09m55.2s,15d48m17.0s,30,28,29,-90,2,197,3.88,24.165333333333333,15.804722222222223
242,24d09m55.4s,15d47m2.9s,32,31,31,-90,2,-103,1.4,24.165388888888888,15.784138888888888
243,24d09m55.5s,15d47m1.8s,24,21,23,0,2,-99,1.4,24.165416666666665,15.783833333333334
244,24d09m55.6s,15d46m11.8s,27,20,25,0,4,-73,2.73,24.165444444444443,15.769944444444445
245,24d09m56.1s,15d46m59.6s,30,30,30,0,2,-97,1.37,24.16558333333333,15.783222222222223
246,24d09m56.1s,15d47m1.9s,58,58,58,-90,2,-105,1.37,24.16558333333333,15.783861111111111
247,24d09m56.2s,15d46m10.6s,19,18,18,-90,4,-63,2.77,24.165611111111108,15.769611111111113
248,24d09m56.7s,15d48m18.1s,68,65,67,-90,2,201,3.91,24.16575,15.805027777777779
249,24d09m56.7s,15d48m9.7s,43,38,41,0,2,132,3.54,24.16575,15.802694444444445
250,24d09m56.9s,15d47m22.4s,41,32,38,0,2,-138,1.67,24.165805555555554,15.789555555555555
251,24d09m57.1s,15d48m7.0s,25,23,25,-90,2,109,3.41,24.16586111111111,15.801944444444445
252,24d09m57.1s,15d47m46.4s,94,87,92,0,2,-38,2.53,24.16586111111111,15.796222222222221
253,24d09m57.2s,15d46m10.0s,33,31,32,-90,4,-60,2.77,24.165888888888887,15.769444444444446
254,24d09m57.3s,15d46m16.7s,28,25,27,0,4,-119,2.49,24.165916666666664,15.771305555555557
255,24d09m57.5s,15d46m11.2s,19,17,18,0,4,-71,2.71,24.16597222222222,15.76977777777778
256,24d09m57.8s,15d45m53.8s,27,25,26,0,4,78,3.46,24.166055555555555,15.764944444444444
257,24d09m58.0s,15d47m59.8s,170,160,167,-90,2,51,3.08,24.16611111111111,15.799944444444444
258,24d09m58.6s,15d46m34.7s,29,28,29,0,2,21,1.78,24.166277777777776,15.776305555555556
259,24d09m58.7s,15d47m53.1s,17,16,17,-90,2,2,2.78,24.166305555555553,15.798083333333333
260,24d09m59.8s,15d45m51.3s,16,14,15,0,4,98,3.54,24.16661111111111,15.76425
261,24d09m59.8s,15d48m18.0s,74,52,66,0,2,191,3.86,24.16661111111111,15.805000000000001
262,24d10m0.1s,15d45m51.8s,17,17,17,0,4,93,3.51,24.166694444444445,15.764388888888888
263,24d10m0.2s,15d46m30.8s,40,35,39,0,2,40,1.86,24.166722222222223,15.775222222222222
264,24d10m0.4s,15d46m37.2s,39,31,37,0,2,-6,1.64,24.166777777777778,15.777000000000001
265,24d10m0.4s,15d47m56.0s,24,19,22,0,2,12,2.87,24.166777777777778,15.79888888888889
266,24d10m0.5s,15d46m4.3s,81,81,81,0,4,-15,2.95,24.166805555555555,15.767861111111111
267,24d10m0.6s,15d48m1.7s,26,22,24,0,2,53,3.11,24.166833333333333,15.800472222222224
268,24d10m0.7s,15d47m55.4s,22,18,21,0,2,8,2.84,24.166861111111114,15.798722222222223
269,24d10m0.8s,15d45m54.8s,40,38,39,0,4,66,3.36,24.16688888888889,15.765222222222222
270,24d10m1.4s,15d48m32.3s,57,57,57,0,1,-168,4.49,24.167055555555557,15.808972222222224
271,24d10m1.4s,15d47m55.9s,29,27,29,-90,2,6,2.85,24.167055555555557,15.79886111111111
272,24d10m1.6s,15d47m39.1s,78,76,77,0,2,-112,2.13,24.16711111111111,15.794194444444445
273,24d10m1.7s,15d47m58.9s,35,20,30,-70,2,26,2.97,24.16713888888889,15.799694444444444
274,24d10m2.0s,15d46m32.8s,42,39,41,0,2,16,1.74,24.16722222222222,15.775777777777778
275,24d10m2.2s,15d45m43.6s,117,113,116,-90,4,160,3.85,24.16727777777778,15.76211111111111
276,24d10m2.6s,15d45m53.6s,66,58,63,-90,4,71,3.39,24.16738888888889,15.764888888888889
277,24d10m2.6s,15d48m23.2s,22,19,21,0,1,-194,4.06,24.16738888888889,15.806444444444445
278,24d10m2.8s,15d48m2.0s,40,32,37,-90,2,46,3.09,24.167444444444445,15.800555555555556
279,24d10m3.2s,15d48m22.2s,24,21,23,0,1,-197,4.0,24.167555555555555,15.806166666666668
280,24d10m3.2s,15d46m35.3s,27,27,27,-90,2,-7,1.61,24.167555555555555,15.776472222222223
281,24d10m3.4s,15d48m23.2s,16,15,16,0,1,-189,4.05,24.167611111111114,15.806444444444445
282,24d10m3.4s,15d47m50.9s,18,17,17,0,2,-39,2.59,24.167611111111114,15.797472222222222
283,24d10m3.7s,15d48m23.0s,88,59,79,0,1,-188,4.04,24.167694444444447,15.80638888888889
284,24d10m4.1s,15d46m41.5s,25,24,25,-90,2,-53,1.37,24.167805555555557,15.778194444444445
285,24d10m4.2s,15d48m22.5s,20,17,19,0,1,-188,4.01,24.167833333333334,15.80625
286,24d10m4.3s,15d46m42.9s,43,38,41,0,2,-64,1.32,24.16786111111111,15.778583333333334
287,24d10m4.3s,15d45m59.6s,69,68,69,-90,4,16,3.1,24.16786111111111,15.766555555555556
288,24d10m4.9s,15d46m11.4s,25,24,25,0,4,-84,2.56,24.16802777777778,15.769833333333334
289,24d10m4.9s,15d48m23.2s,19,19,19,0,1,-179,4.03,24.16802777777778,15.806444444444445
290,24d10m5.0s,15d46m1.1s,29,28,29,0,4,3,3.02,24.168055555555558,15.766972222222224
291,24d10m5.2s,15d46m37.8s,29,28,29,0,2,-34,1.46,24.168111111111113,15.777166666666668
292,24d10m5.2s,15d46m12.1s,21,18,20,0,4,-91,2.52,24.168111111111113,15.770027777777779
293,24d10m5.3s,15d46m29.6s,28,27,28,0,2,37,1.78,24.16813888888889,15.77488888888889
294,24d10m5.3s,15d46m51.2s,29,25,28,0,2,125,1.06,24.16813888888889,15.78088888888889
295,24d10m6.0s,15d45m39.7s,22,20,21,0,4,189,3.99,24.168333333333333,15.761027777777779
296,24d10m6.0s,15d46m6.8s,94,92,93,0,4,-48,2.75,24.168333333333333,15.768555555555556
297,24d10m6.2s,15d48m38.6s,51,49,51,0,1,123,4.74,24.16838888888889,15.810722222222223
298,24d10m6.4s,15d47m54.8s,158,158,158,0,2,-22,2.71,24.168444444444447,15.798555555555556
299,24d10m6.8s,15d48m44.5s,53,51,53,-90,1,137,5.01,24.168555555555557,15.812361111111112
300,24d10m7.0s,15d48m8.6s,194,166,185,-90,2,90,3.33,24.16861111111111,15.80238888888889
301,24d10m7.2s,15d47m49.8s,62,56,60,0,2,-66,2.48,24.168666666666667,15.797166666666666
302,24d10m7.4s,15d46m30.8s,29,26,28,0,2,38,1.67,24.16872222222222,15.775222222222222
303,24d10m7.6s,15d45m56.2s,24,24,24,0,4,40,3.21,24.16877777777778,15.765611111111111
304,24d10m7.6s,15d46m40.6s,42,41,42,-90,2,-66,1.29,24.16877777777778,15.777944444444445
305,24d10m7.8s,15d48m13.0s,62,55,60,-90,2,125,3.53,24.168833333333335,15.803611111111111
306,24d10m7.8s,15d45m53.0s,19,18,19,0,4,69,3.36,24.168833333333335,15.764722222222222
307,24d10m8.1s,15d48m19.6s,33,19,28,-39,2,179,3.83,24.168916666666668,15.805444444444445
308,24d10m8.1s,15d45m51.7s,25,19,23,0,4,81,3.41,24.168916666666668,15.76436111111111
309,24d10m8.2s,15d45m59.3s,26,25,25,0,4,13,3.06,24.168944444444445,15.766472222222223
310,24d10m8.3s,15d47m45.2s,80,76,79,0,2,-105,2.25,24.168972222222223,15.79588888888889
311,24d10m8.5s,15d46m26.3s,19,19,19,0,2,75,1.84,24.169027777777778,15.773972222222223
312,24d10m8.6s,15d45m56.4s,27,23,26,0,4,39,3.19,24.169055555555556,15.765666666666666
313,24d10m8.6s,15d45m53.6s,39,36,38,-90,4,64,3.32,24.169055555555556,15.764888888888889
314,24d10m8.8s,15d46m31.6s,48,37,44,0,2,-44,1.61,24.16911111111111,15.775444444444446
315,24d10m8.8s,15d46m10.6s,33,23,29,0,4,-85,2.53,24.16911111111111,15.769611111111113
316,24d10m9.1s,15d46m40.8s,36,36,36,-90,2,-77,1.24,24.169194444444447,15.778
317,24d10m9.1s,15d46m23.8s,90,78,86,-90,2,98,1.94,24.169194444444447,15.773277777777778
318,24d10m9.2s,15d46m44.2s,32,24,29,0,2,99,1.11,24.169222222222224,15.778944444444445
319,24d10m9.4s,15d46m12.9s,21,18,20,0,4,-105,2.42,24.16927777777778,15.77025
320,24d10m9.5s,15d47m23.8s,55,43,51,-90,4,114,1.32,24.169305555555557,15.789944444444444
321,24d10m9.8s,15d45m46.9s,26,22,24,0,4,124,3.62,24.16938888888889,15.763027777777777
322,24d10m10.1s,15d48m1.9s,42,40,41,-90,2,26,2.99,24.169472222222222,15.800527777777779
323,24d10m10.6s,15d46m25.7s,21,20,20,0,2,90,1.83,24.169611111111113,15.773805555555557
324,24d10m11.2s,15d47m8.0s,53,50,52,0,4,179,0.75,24.169777777777778,15.785555555555556
325,24d10m11.8s,15d47m7.5s,34,30,32,0,4,179,0.71,24.169944444444447,15.785416666666666
326,24d10m11.9s,15d48m25.3s,25,21,24,0,1,-124,4.07,24.169972222222224,15.807027777777778
327,24d10m12.3s,15d48m39.0s,48,47,48,-90,1,73,4.71,24.170083333333334,15.810833333333335
328,24d10m12.6s,15d47m8.9s,19,18,19,0,4,165,0.72,24.170166666666667,15.785805555555555
329,24d10m12.6s,15d45m36.1s,92,89,91,-90,4,222,4.1,24.170166666666667,15.760027777777777
330,24d10m12.9s,15d47m27.5s,46,43,45,0,4,86,1.39,24.170250000000003,15.790972222222223
331,24d10m13.0s,15d48m5.1s,138,138,138,0,2,42,3.11,24.17027777777778,15.801416666666668
332,24d10m13.0s,15d47m1.7s,40,32,37,0,4,222,0.59,24.17027777777778,15.783805555555556
333,24d10m13.1s,15d47m17.4s,83,78,82,0,4,105,0.97,24.170305555555558,15.788166666666667
334,24d10m13.1s,15d47m21.3s,119,115,118,0,4,87,1.13,24.170305555555558,15.78925
335,24d10m13.3s,15d47m52.0s,54,46,51,0,2,-65,2.49,24.170361111111113,15.797777777777778
336,24d10m13.5s,15d46m0.0s,21,21,21,0,4,13,2.97,24.170416666666668,15.766666666666667
337,24d10m13.5s,15d47m6.3s,22,21,22,0,4,182,0.62,24.170416666666668,15.785083333333333
338,24d10m13.6s,15d48m31.3s,39,31,36,0,1,-74,4.34,24.170444444444446,15.808694444444445
339,24d10m13.6s,15d48m10.1s,343,318,335,-90,2,86,3.34,24.170444444444446,15.802805555555556
340,24d10m13.9s,15d48m25.3s,23,19,22,0,1,-115,4.06,24.170527777777778,15.807027777777778
341,24d10m13.9s,15d47m0.8s,45,45,45,0,4,-227,0.55,24.170527777777778,15.783555555555555
342,24d10m14.0s,15d46m43.8s,22,21,22,0,2,126,0.99,24.170555555555556,15.778833333333335
343,24d10m14.1s,15d46m12.9s,32,28,31,0,4,-95,2.37,24.170583333333333,15.77025
344,24d10m14.1s,15d46m37.1s,28,26,27,0,2,-93,1.27,24.170583333333333,15.776972222222224
345,24d10m14.1s,15d48m32.4s,25,23,25,0,1,-64,4.39,24.170583333333333,15.809000000000001
346,24d10m14.2s,15d46m55.7s,63,36,54,0,2,207,0.6,24.17061111111111,15.78213888888889
347,24d10m14.2s,15d47m5.8s,27,26,27,0,4,184,0.58,24.17061111111111,15.784944444444445
348,24d10m14.4s,15d46m14.1s,40,37,39,0,4,-103,2.31,24.17066666666667,15.770583333333335
349,24d10m14.6s,15d47m8.0s,35,35,35,0,4,-164,0.62,24.170722222222224,15.785555555555556
350,24d10m14.6s,15d48m20.6s,57,46,53,0,1,-151,3.83,24.170722222222224,15.805722222222222
351,24d10m14.9s,15d47m3.4s,56,54,56,0,4,201,0.52,24.170805555555557,15.784277777777778
352,24d10m15.0s,15d46m59.0s,27,22,25,0,2,233,0.51,24.170833333333334,15.783055555555556
353,24d10m15.0s,15d48m31.7s,20,16,19,0,1,-63,4.35,24.170833333333334,15.808805555555557
354,24d10m15.0s,15d46m47.1s,43,42,43,0,2,154,0.83,24.170833333333334,15.77975
355,24d10m15.1s,15d48m25.1s,42,37,40,0,1,-112,4.04,24.170861111111112,15.806972222222223
356,24d10m15.3s,15d46m37.2s,42,40,41,0,2,-103,1.24,24.170916666666667,15.777000000000001
357,24d10m15.7s,15d45m56.5s,26,24,25,0,4,44,3.12,24.17102777777778,15.765694444444444
358,24d10m15.8s,15d46m35.4s,25,22,24,0,2,-103,1.31,24.171055555555558,15.7765
359,24d10m15.9s,15d45m16.4s,64,55,61,0,2,-343,5.02,24.171083333333335,15.754555555555555
360,24d10m15.9s,15d46m51.9s,39,39,39,0,2,-190,0.63,24.171083333333335,15.781083333333335
361,24d10m16.0s,15d46m56.5s,17,12,15,0,2,222,0.5,24.171111111111113,15.782361111111111
362,24d10m16.1s,15d48m32.6s,24,22,23,0,1,-50,4.39,24.17113888888889,15.809055555555556
363,24d10m16.1s,15d45m45.7s,32,30,32,0,4,142,3.63,24.17113888888889,15.762694444444444
364,24d10m16.4s,15d47m13.4s,30,28,29,0,4,114,0.73,24.171222222222223,15.787055555555556
365,24d10m16.4s,15d45m56.9s,24,19,22,0,4,42,3.09,24.171222222222223,15.765805555555556
366,24d10m16.4s,15d46m12.7s,40,35,38,0,4,-84,2.35,24.171222222222223,15.770194444444446
367,24d10m16.4s,15d48m24.8s,21,21,21,-90,1,-111,4.01,24.171222222222223,15.80688888888889
368,24d10m16.6s,15d47m4.3s,32,31,32,0,4,189,0.45,24.171277777777778,15.784527777777777
369,24d10m16.6s,15d46m57.2s,42,40,41,0,2,230,0.47,24.171277777777778,15.782555555555556
370,24d10m16.6s,15d48m36.3s,21,19,20,0,1,32,4.56,24.171277777777778,15.810083333333335
371,24d10m16.7s,15d46m33.2s,23,23,23,0,2,-110,1.4,24.171305555555556,15.77588888888889
372,24d10m16.7s,15d46m39.5s,71,71,71,0,2,-122,1.12,24.171305555555556,15.77763888888889
373,24d10m16.9s,15d47m2.4s,20,19,19,0,4,205,0.42,24.17136111111111,15.784
374,24d10m16.9s,15d47m54.0s,53,49,52,0,2,-59,2.55,24.17136111111111,15.798333333333334
375,24d10m16.9s,15d46m55.2s,34,34,34,0,2,-217,0.5,24.17136111111111,15.782
376,24d10m17.0s,15d46m57.1s,21,20,21,0,2,232,0.45,24.17138888888889,15.782527777777778
377,24d10m17.0s,15d47m6.3s,42,39,41,0,4,171,0.48,24.17138888888889,15.785083333333333
378,24d10m17.1s,15d46m54.0s,30,20,26,0,2,210,0.53,24.17141666666667,15.781666666666668
379,24d10m17.2s,15d47m15.7s,40,38,40,0,4,92,0.8,24.171444444444447,15.787694444444444
380,24d10m17.4s,15d46m48.3s,126,86,113,0,2,176,0.73,24.1715,15.780083333333334
381,24d10m17.5s,15d48m35.8s,42,27,37,-90,1,-25,4.53,24.17152777777778,15.809944444444445
382,24d10m17.5s,15d46m52.6s,26,17,23,0,2,203,0.56,24.17152777777778,15.78127777777778
383,24d10m17.7s,15d46m3.2s,27,18,24,-90,4,-4,2.79,24.171583333333334,15.767555555555557
384,24d10m17.7s,15d46m35.3s,27,26,27,0,2,-119,1.29,24.171583333333334,15.776472222222223
385,24d10m17.8s,15d46m57.4s,20,17,19,0,2,238,0.41,24.171611111111112,15.782611111111112
386,24d10m17.8s,15d45m59.2s,33,27,31,0,4,27,2.98,24.171611111111112,15.766444444444444
387,24d10m18.0s,15d45m59.8s,18,16,17,0,4,22,2.95,24.171666666666667,15.76661111111111
388,24d10m18.0s,15d45m46.7s,57,51,55,0,4,135,3.57,24.171666666666667,15.762972222222222
389,24d10m18.1s,15d48m2.3s,37,34,36,90,2,15,2.94,24.171694444444444,15.800638888888889
390,24d10m18.2s,15d46m53.5s,14,14,14,0,2,213,0.51,24.171722222222222,15.781527777777779
391,24d10m18.2s,15d47m29.2s,77,61,72,-90,4,50,1.39,24.171722222222222,15.791444444444444
392,24d10m18.3s,15d46m54.1s,16,14,16,0,2,218,0.49,24.171750000000003,15.781694444444446
393,24d10m18.3s,15d48m13.4s,77,74,76,-90,2,109,3.46,24.171750000000003,15.803722222222223
394,24d10m18.5s,15d46m4.4s,24,21,23,-90,4,-11,2.73,24.171805555555558,15.767888888888889
395,24d10m18.5s,15d45m16.1s,63,63,63,0,2,-335,5.02,24.171805555555558,15.754472222222223
396,24d10m18.6s,15d45m47.2s,38,38,38,0,4,132,3.54,24.171833333333336,15.763111111111112
397,24d10m18.7s,15d48m36.6s,27,18,24,-50,1,14,4.57,24.171861111111113,15.810166666666667
398,24d10m19.2s,15d46m17.3s,143,106,131,-70,4,-115,2.11,24.172,15.771472222222224
399,24d10m19.2s,15d46m54.5s,17,16,17,0,2,226,0.44,24.172,15.781805555555556
400,24d10m19.3s,15d45m18.4s,62,50,58,0,2,-353,4.91,24.172027777777778,15.75511111111111
401,24d10m19.3s,15d47m19.9s,46,41,44,0,4,50,0.95,24.172027777777778,15.78886111111111
402,24d10m19.7s,15d46m38.0s,28,24,27,0,2,141,1.14,24.17213888888889,15.777222222222223
403,24d10m19.9s,15d48m32.5s,155,144,151,-90,1,-35,4.37,24.172194444444447,15.809027777777779
404,24d10m19.9s,15d48m13.6s,47,31,41,30,2,111,3.47,24.172194444444447,15.803777777777778
405,24d10m20.1s,15d46m39.2s,26,23,25,0,2,148,1.08,24.172250000000002,15.777555555555557
406,24d10m20.2s,15d46m41.3s,34,27,32,0,2,156,0.98,24.17227777777778,15.77813888888889
407,24d10m20.7s,15d46m48.0s,33,33,33,0,2,-194,0.67,24.172416666666667,15.780000000000001
408,24d10m20.8s,15d46m28.3s,46,44,45,0,2,-152,1.58,24.172444444444444,15.774527777777779
409,24d10m20.8s,15d48m14.2s,28,19,25,0,2,116,3.5,24.172444444444444,15.803944444444445
410,24d10m20.9s,15d47m3.0s,36,24,32,0,4,194,0.25,24.172472222222222,15.784166666666666
411,24d10m21.0s,15d48m21.0s,60,59,60,-90,1,-140,3.82,24.1725,15.805833333333334
412,24d10m21.1s,15d46m55.8s,31,29,30,0,2,246,0.34,24.17252777777778,15.782166666666667
413,24d10m21.4s,15d47m28.2s,18,18,18,-90,4,21,1.31,24.172611111111113,15.791166666666667
414,24d10m21.9s,15d48m10.5s,26,23,25,0,2,83,3.32,24.17275,15.802916666666667
415,24d10m22.0s,15d47m27.6s,28,20,25,0,4,15,1.28,24.172777777777778,15.791
416,24d10m22.1s,15d48m16.2s,47,45,46,-90,2,131,3.58,24.172805555555556,15.8045
417,24d10m22.3s,15d46m2.5s,17,15,17,-90,4,17,2.8,24.17286111111111,15.767361111111112
418,24d10m22.3s,15d47m25.2s,26,21,25,0,4,-3,1.16,24.17286111111111,15.790333333333333
419,24d10m22.4s,15d48m14.1s,39,36,38,0,2,112,3.48,24.17288888888889,15.803916666666668
420,24d10m22.4s,15d46m56.4s,23,22,23,0,4,253,0.27,24.17288888888889,15.782333333333334
421,24d10m22.8s,15d46m2.9s,20,16,18,0,4,13,2.78,24.173000000000002,15.767472222222223
422,24d10m22.9s,15d46m38.5s,42,34,39,0,2,170,1.09,24.17302777777778,15.777361111111112
423,24d10m23.0s,15d48m36.5s,33,32,33,0,1,-7,4.55,24.173055555555557,15.81013888888889
424,24d10m23.3s,15d46m57.2s,25,23,24,0,4,246,0.22,24.17313888888889,15.782555555555556
425,24d10m23.4s,15d47m30.1s,112,99,108,-90,4,21,1.39,24.173166666666667,15.791694444444444
426,24d10m23.5s,15d47m5.2s,41,32,38,0,4,174,0.22,24.173194444444444,15.784777777777778
427,24d10m23.5s,15d47m2.6s,60,52,58,0,4,197,0.13,24.173194444444444,15.784055555555556
428,24d10m23.6s,15d48m17.4s,40,38,39,-90,2,139,3.64,24.173222222222222,15.804833333333335
429,24d10m23.8s,15d48m12.2s,15,14,15,0,2,93,3.39,24.17327777777778,15.80338888888889
430,24d10m23.8s,15d47m59.6s,39,34,37,0,2,-15,2.79,24.17327777777778,15.799888888888889
431,24d10m24.2s,15d45m29.2s,60,57,59,-90,4,301,4.39,24.17338888888889,15.758111111111111
432,24d10m24.5s,15d47m22.6s,28,23,26,0,4,23,1.02,24.173472222222223,15.78961111111111
433,24d10m24.7s,15d46m54.6s,58,45,53,0,2,260,0.32,24.173527777777778,15.781833333333335
434,24d10m25.1s,15d47m17.3s,46,30,41,0,4,68,0.77,24.173638888888892,15.78813888888889
435,24d10m25.2s,15d47m31.3s,32,30,31,-90,4,18,1.44,24.17366666666667,15.792027777777777
436,24d10m25.3s,15d47m26.3s,26,24,25,-90,4,-14,1.2,24.173694444444447,15.79063888888889
437,24d10m25.3s,15d46m25.3s,40,38,39,0,4,-182,1.71,24.173694444444447,15.773694444444445
438,24d10m25.6s,15d46m57.9s,23,20,22,0,4,241,0.15,24.17377777777778,15.78275
439,24d10m25.7s,15d47m18.6s,47,42,45,0,4,59,0.83,24.173805555555557,15.788499999999999
440,24d10m25.8s,15d46m39.3s,40,38,39,0,2,195,1.04,24.173833333333334,15.777583333333334
441,24d10m25.8s,15d47m27.7s,36,31,34,0,4,-8,1.27,24.173833333333334,15.791027777777778
442,24d10m26.0s,15d46m36.5s,71,66,69,-90,2,-192,1.17,24.17388888888889,15.776805555555557
443,24d10m26.2s,15d47m1.2s,34,28,32,0,4,212,0.02,24.173944444444444,15.783666666666667
444,24d10m26.7s,15d46m39.6s,35,35,35,0,2,-204,1.03,24.174083333333336,15.777666666666667
445,24d10m26.9s,15d47m26.1s,45,45,45,0,4,-25,1.19,24.17413888888889,15.790583333333334
446,24d10m27.2s,15d46m0.6s,37,33,36,0,4,40,2.89,24.174222222222223,15.766833333333334
447,24d10m27.3s,15d48m26.0s,73,70,72,0,1,-106,4.05,24.17425,15.807222222222222
448,24d10m27.4s,15d46m53.9s,49,46,48,0,2,273,0.35,24.174277777777778,15.78163888888889
449,24d10m27.6s,15d47m28.3s,29,27,28,0,4,-16,1.3,24.174333333333333,15.791194444444445
450,24d10m27.6s,15d45m60.0s,21,19,20,0,4,46,2.92,24.174333333333333,15.766666666666667
451,24d10m27.8s,15d48m46.5s,23,23,23,0,1,54,5.03,24.174388888888892,15.812916666666668
452,24d10m27.8s,15d47m37.1s,79,70,76,0,4,57,1.72,24.174388888888892,15.79363888888889
453,24d10m27.9s,15d46m56.9s,24,24,24,0,4,-252,0.22,24.17441666666667,15.782472222222223
454,24d10m27.9s,15d47m56.8s,41,41,41,0,2,-40,2.66,24.17441666666667,15.799111111111111
455,24d10m28.0s,15d47m20.4s,28,25,27,0,4,59,0.93,24.174444444444447,15.789
456,24d10m28.1s,15d46m50.8s,20,19,20,0,2,260,0.5,24.174472222222224,15.780777777777779
457,24d10m28.4s,15d45m54.7s,56,56,56,0,4,93,3.17,24.174555555555557,15.765194444444445
458,24d10m28.5s,15d46m58.0s,30,26,29,0,4,244,0.19,24.174583333333334,15.78277777777778
459,24d10m28.6s,15d46m55.1s,21,21,21,0,4,270,0.31,24.174611111111112,15.781972222222223
460,24d10m28.7s,15d46m56.6s,35,33,34,0,4,256,0.25,24.17463888888889,15.78238888888889
461,24d10m29.1s,15d48m46.2s,25,24,24,-90,1,47,5.01,24.17475,15.812833333333334
462,24d10m29.2s,15d48m22.3s,97,84,93,0,1,-144,3.87,24.17477777777778,15.806194444444445
463,24d10m29.2s,15d45m50.5s,38,30,35,90,4,132,3.37,24.17477777777778,15.764027777777779
464,24d10m29.2s,15d47m8.6s,41,37,40,0,4,154,0.39,24.17477777777778,15.785722222222223
465,24d10m29.3s,15d46m58.9s,32,30,31,0,4,237,0.19,24.174805555555558,15.783027777777779
466,24d10m29.4s,15d47m12.8s,24,22,23,0,4,120,0.58,24.174833333333336,15.786888888888889
467,24d10m29.5s,15d46m57.7s,32,27,30,0,4,248,0.23,24.174861111111113,15.782694444444445
468,24d10m29.7s,15d47m2.0s,29,25,28,0,4,211,0.18,24.174916666666668,15.783888888888889
469,24d10m29.8s,15d46m51.3s,21,19,20,0,2,274,0.5,24.174944444444446,15.780916666666668
470,24d10m30.3s,15d46m58.4s,22,21,22,0,4,244,0.24,24.175083333333333,15.78288888888889
471,24d10m30.6s,15d48m19.2s,40,39,40,0,2,156,3.73,24.17516666666667,15.805333333333333
472,24d10m30.6s,15d47m21.7s,32,28,31,0,4,73,1.01,24.17516666666667,15.789361111111111
473,24d10m30.7s,15d46m51.9s,22,18,21,0,2,284,0.49,24.175194444444447,15.781083333333335
474,24d10m30.9s,15d45m36.7s,20,19,20,0,4,256,4.03,24.175250000000002,15.760194444444444
475,24d10m31.3s,15d46m37.1s,39,39,39,0,2,-238,1.17,24.175361111111112,15.776972222222224
476,24d10m31.3s,15d46m17.3s,35,30,33,0,4,-95,2.11,24.175361111111112,15.771472222222224
477,24d10m31.3s,15d46m56.9s,67,49,61,0,4,260,0.32,24.175361111111112,15.782472222222223
478,24d10m31.4s,15d45m36.1s,24,23,23,0,4,261,4.06,24.17538888888889,15.760027777777777
479,24d10m31.4s,15d46m59.5s,49,33,44,0,4,237,0.26,24.17538888888889,15.783194444444446
480,24d10m31.5s,15d47m3.8s,25,24,25,0,4,201,0.29,24.175416666666667,15.78438888888889
481,24d10m31.8s,15d45m55.9s,28,24,27,-40,4,83,3.12,24.1755,15.765527777777777
482,24d10m31.9s,15d47m30.6s,42,40,41,0,4,-6,1.43,24.17552777777778,15.791833333333333
483,24d10m32.0s,15d47m5.2s,30,24,28,0,4,192,0.34,24.175555555555558,15.784777777777778
484,24d10m32.0s,15d45m49.5s,28,26,28,90,4,141,3.43,24.175555555555558,15.76375
485,24d10m32.2s,15d47m3.2s,18,16,17,0,4,208,0.3,24.175611111111113,15.784222222222223
486,24d10m32.3s,15d45m35.3s,35,31,34,-90,4,268,4.1,24.17563888888889,15.759805555555555
487,24d10m32.6s,15d48m21.3s,33,30,32,0,1,-164,3.84,24.175722222222223,15.805916666666667
488,24d10m32.7s,15d45m59.1s,22,21,22,90,4,56,2.98,24.17575,15.766416666666666
489,24d10m32.9s,15d45m54.3s,126,95,115,-40,4,98,3.2,24.175805555555556,15.765083333333333
490,24d10m32.9s,15d47m25.9s,32,31,32,-90,4,-42,1.22,24.175805555555556,15.790527777777777
491,24d10m32.9s,15d48m13.9s,31,31,31,0,2,113,3.49,24.175805555555556,15.803861111111113
492,24d10m33.5s,15d47m2.7s,23,21,22,0,4,217,0.36,24.175972222222224,15.784083333333333
493,24d10m33.7s,15d47m25.4s,31,28,30,0,4,-46,1.21,24.17602777777778,15.790388888888888
494,24d10m33.7s,15d46m6.1s,26,26,26,0,4,4,2.65,24.17602777777778,15.768361111111112
495,24d10m33.8s,15d47m5.3s,38,35,37,0,4,198,0.41,24.176055555555557,15.784805555555556
496,24d10m34.1s,15d46m4.3s,89,89,89,0,4,18,2.74,24.17613888888889,15.767861111111111
497,24d10m34.1s,15d47m6.4s,25,21,24,0,4,191,0.45,24.17613888888889,15.78511111111111
498,24d10m34.5s,15d48m32.6s,28,26,27,0,1,-79,4.38,24.17625,15.809055555555556
499,24d10m34.6s,15d46m48.5s,33,28,32,0,4,260,0.72,24.17627777777778,15.78013888888889
500,24d10m34.6s,15d45m48.7s,121,110,118,0,4,151,3.48,24.17627777777778,15.763527777777778
501,24d10m35.0s,15d46m59.3s,34,30,32,0,4,225,0.42,24.17638888888889,15.783138888888889
502,24d10m35.0s,15d45m7.0s,32,32,32,0,2,-211,5.46,24.17638888888889,15.751944444444444
503,24d10m35.0s,15d48m16.9s,55,49,53,0,2,140,3.64,24.17638888888889,15.804694444444445
504,24d10m35.1s,15d47m57.2s,121,121,121,0,2,-33,2.71,24.176416666666668,15.799222222222221
505,24d10m35.1s,15d46m5.1s,39,38,39,0,4,15,2.71,24.176416666666668,15.768083333333335
506,24d10m35.1s,15d47m3.9s,20,20,20,0,4,-204,0.44,24.176416666666668,15.784416666666667
507,24d10m35.1s,15d46m21.1s,57,57,57,0,4,-113,1.96,24.176416666666668,15.772527777777778
508,24d10m35.3s,15d46m53.4s,15,14,15,0,4,248,0.57,24.176472222222223,15.781500000000001
509,24d10m35.3s,15d46m52.8s,16,14,15,0,4,249,0.59,24.176472222222223,15.781333333333334
510,24d10m35.4s,15d48m22.8s,27,26,27,-90,1,-163,3.92,24.1765,15.806333333333335
511,24d10m35.6s,15d46m57.5s,21,20,20,0,4,229,0.48,24.176555555555556,15.78263888888889
512,24d10m35.6s,15d46m12.3s,30,26,29,0,4,-38,2.37,24.176555555555556,15.770083333333334
513,24d10m35.7s,15d48m15.6s,20,18,20,0,2,128,3.58,24.176583333333333,15.804333333333334
514,24d10m35.8s,15d47m0.2s,25,24,25,0,4,215,0.45,24.17661111111111,15.783388888888888
515,24d10m35.9s,15d47m4.9s,32,29,31,0,4,195,0.49,24.17663888888889,15.784694444444444
516,24d10m36.0s,15d48m22.6s,15,14,15,-90,1,-166,3.92,24.17666666666667,15.806277777777778
517,24d10m36.0s,15d46m53.2s,18,17,18,0,4,243,0.6,24.17666666666667,15.781444444444446
518,24d10m36.0s,15d46m14.2s,34,30,33,0,4,-51,2.29,24.17666666666667,15.770611111111112
519,24d10m36.0s,15d46m58.1s,18,17,17,0,4,223,0.49,24.17666666666667,15.782805555555557
520,24d10m36.2s,15d46m42.5s,64,57,61,0,4,249,1.01,24.176722222222224,15.778472222222224
521,24d10m36.2s,15d47m23.9s,18,14,17,0,4,-54,1.18,24.176722222222224,15.789972222222222
522,24d10m36.3s,15d47m10.9s,30,28,29,0,4,159,0.67,24.176750000000002,15.78636111111111
523,24d10m36.3s,15d46m7.3s,31,29,30,0,4,3,2.61,24.176750000000002,15.768694444444446
524,24d10m36.3s,15d46m50.6s,22,21,22,0,4,242,0.7,24.176750000000002,15.780722222222224
525,24d10m36.4s,15d47m24.7s,19,18,18,0,4,-46,1.22,24.17677777777778,15.790194444444444
526,24d10m36.5s,15d47m5.7s,51,36,46,0,4,188,0.53,24.176805555555557,15.784916666666666
527,24d10m36.5s,15d46m57.7s,22,21,22,0,4,222,0.51,24.176805555555557,15.782694444444445
528,24d10m36.6s,15d46m44.5s,40,33,37,0,4,248,0.93,24.176833333333335,15.77902777777778
529,24d10m36.7s,15d46m53.3s,20,17,19,0,4,237,0.62,24.176861111111112,15.781472222222224
530,24d10m36.8s,15d48m4.8s,43,35,40,0,2,32,3.08,24.17688888888889,15.801333333333334
531,24d10m36.8s,15d46m55.7s,19,18,18,0,4,227,0.56,24.17688888888889,15.78213888888889
532,24d10m37.0s,15d46m32.5s,55,50,53,0,4,-193,1.46,24.176944444444445,15.775694444444445
533,24d10m37.1s,15d46m29.7s,38,33,37,0,4,-172,1.58,24.176972222222222,15.774916666666668
534,24d10m37.2s,15d47m24.2s,32,30,31,0,4,-50,1.22,24.177,15.790055555555556
535,24d10m37.3s,15d48m6.4s,42,36,40,0,2,47,3.16,24.17702777777778,15.801777777777778
536,24d10m37.6s,15d46m27.4s,34,32,34,90,4,-151,1.7,24.177111111111113,15.774277777777778
537,24d10m37.7s,15d48m13.7s,31,28,30,0,2,112,3.5,24.17713888888889,15.803805555555556
538,24d10m37.7s,15d47m14.7s,37,33,35,0,4,123,0.85,24.17713888888889,15.787416666666667
539,24d10m38.4s,15d47m14.2s,25,25,25,0,4,124,0.85,24.177333333333333,15.787277777777778
540,24d10m38.7s,15d47m34.8s,60,53,58,0,4,42,1.71,24.17741666666667,15.793
541,24d10m38.8s,15d48m16.1s,35,33,34,90,2,135,3.63,24.177444444444447,15.804472222222223
542,24d10m38.8s,15d48m30.4s,38,34,37,-90,1,-109,4.3,24.177444444444447,15.808444444444445
543,24d10m39.0s,15d46m7.2s,28,24,27,0,4,14,2.64,24.177500000000002,15.768666666666668
544,24d10m39.0s,15d47m15.2s,35,25,31,0,4,113,0.9,24.177500000000002,15.787555555555555
545,24d10m39.1s,15d46m8.1s,29,26,28,0,4,6,2.6,24.17752777777778,15.768916666666668
546,24d10m39.1s,15d46m56.1s,33,32,33,0,4,207,0.65,24.17752777777778,15.782250000000001
547,24d10m39.3s,15d48m12.3s,18,17,18,-90,2,103,3.45,24.177583333333335,15.803416666666667
548,24d10m39.4s,15d48m1.8s,195,191,194,0,2,11,2.96,24.177611111111112,15.800500000000001
549,24d10m39.4s,15d46m57.2s,20,20,20,0,4,-201,0.65,24.177611111111112,15.782555555555556
550,24d10m39.7s,15d48m14.5s,61,58,60,0,2,122,3.56,24.177694444444445,15.804027777777778
551,24d10m39.8s,15d48m34.3s,25,22,24,-90,1,-82,4.49,24.177722222222222,15.80952777777778
552,24d10m40.0s,15d48m32.9s,27,26,27,0,1,-94,4.43,24.17777777777778,15.80913888888889
553,24d10m40.1s,15d47m16.7s,19,18,18,0,4,97,0.99,24.177805555555558,15.787972222222223
554,24d10m40.3s,15d48m12.9s,33,32,33,-90,2,111,3.49,24.177861111111113,15.803583333333334
555,24d10m40.4s,15d47m10.5s,32,25,30,0,4,137,0.8,24.17788888888889,15.786249999999999
556,24d10m40.5s,15d45m13.3s,61,58,60,0,2,-238,5.19,24.17791666666667,15.753694444444445
557,24d10m40.6s,15d48m17.8s,43,36,40,0,2,154,3.72,24.177944444444446,15.804944444444445
558,24d10m40.6s,15d45m37.8s,74,66,72,0,4,259,4.03,24.177944444444446,15.7605
559,24d10m40.7s,15d47m25.1s,21,21,21,0,4,-31,1.33,24.177972222222223,15.790305555555555
560,24d10m40.7s,15d48m16.6s,32,30,31,0,2,144,3.67,24.177972222222223,15.804611111111111
561,24d10m40.8s,15d46m57.3s,20,19,19,0,4,190,0.71,24.178,15.782583333333335
562,24d10m40.8s,15d47m51.3s,19,19,19,-90,2,-78,2.49,24.178,15.797583333333334
563,24d10m41.0s,15d47m23.6s,27,24,26,0,4,-41,1.28,24.178055555555556,15.789888888888889
564,24d10m41.0s,15d47m16.0s,25,22,24,0,4,97,0.99,24.178055555555556,15.787777777777778
565,24d10m41.1s,15d47m10.6s,20,20,20,0,4,132,0.83,24.178083333333333,15.786277777777778
566,24d10m41.1s,15d46m8.4s,69,66,68,-90,4,11,2.61,24.178083333333333,15.769
567,24d10m41.1s,15d48m17.3s,24,21,23,0,2,151,3.7,24.178083333333333,15.804805555555557
568,24d10m41.3s,15d47m25.6s,26,25,25,-90,4,-25,1.36,24.17813888888889,15.790444444444445
569,24d10m41.4s,15d48m13.2s,46,46,46,0,2,113,3.51,24.17816666666667,15.803666666666667
570,24d10m41.6s,15d47m30.0s,44,35,41,0,4,8,1.55,24.178222222222225,15.791666666666666
571,24d10m41.6s,15d46m56.3s,24,23,24,0,4,187,0.76,24.178222222222225,15.782305555555556
572,24d10m41.7s,15d47m53.5s,30,26,29,0,2,-58,2.6,24.178250000000002,15.798194444444444
573,24d10m42.1s,15d48m12.4s,14,11,13,0,2,106,3.48,24.178361111111112,15.803444444444445
574,24d10m42.1s,15d48m35.6s,67,47,60,0,1,-77,4.57,24.178361111111112,15.80988888888889
575,24d10m42.4s,15d48m10.1s,31,31,31,-90,2,86,3.38,24.178444444444445,15.802805555555556
576,24d10m42.4s,15d47m27.0s,23,21,23,0,4,-11,1.45,24.178444444444445,15.790833333333333
577,24d10m42.6s,15d48m18.2s,37,36,37,0,2,158,3.76,24.1785,15.805055555555557
578,24d10m42.8s,15d48m24.1s,19,19,19,-90,1,-175,4.03,24.17855555555556,15.806694444444446
579,24d10m42.9s,15d47m54.5s,35,35,35,0,2,-48,2.66,24.178583333333336,15.798472222222221
580,24d10m43.0s,15d47m3.2s,29,29,29,0,4,-147,0.79,24.178611111111113,15.784222222222223
581,24d10m43.1s,15d47m27.9s,25,24,25,0,4,-3,1.5,24.17863888888889,15.791083333333333
582,24d10m43.7s,15d47m25.0s,23,21,22,0,4,-17,1.4,24.178805555555556,15.790277777777778
583,24d10m43.8s,15d47m16.6s,31,26,29,0,4,79,1.1,24.178833333333333,15.787944444444443
584,24d10m44.2s,15d48m30.2s,55,52,54,-40,1,-127,4.33,24.178944444444447,15.80838888888889
585,24d10m44.8s,15d45m39.4s,25,22,24,0,4,260,4.0,24.179111111111112,15.760944444444444
586,24d10m44.9s,15d48m44.6s,23,21,22,-90,1,-3,5.01,24.17913888888889,15.81238888888889
587,24d10m45.1s,15d48m6.6s,37,37,37,0,2,60,3.25,24.179194444444445,15.801833333333335
588,24d10m45.1s,15d48m11.9s,62,60,61,-90,2,105,3.49,24.179194444444445,15.803305555555557
589,24d10m45.2s,15d45m54.4s,56,41,51,-60,4,138,3.31,24.179222222222222,15.76511111111111
590,24d10m45.5s,15d46m29.8s,24,22,23,0,4,-125,1.74,24.17930555555556,15.774944444444445
591,24d10m45.5s,15d47m14.5s,31,23,28,0,4,81,1.1,24.17930555555556,15.78736111111111
592,24d10m45.7s,15d48m8.8s,74,70,73,0,2,80,3.35,24.179361111111113,15.802444444444445
593,24d10m45.7s,15d48m1.6s,46,38,43,0,2,16,3.03,24.179361111111113,15.800444444444445
594,24d10m45.8s,15d45m14.7s,37,37,37,0,2,-226,5.16,24.17938888888889,15.754083333333334
595,24d10m45.8s,15d47m38.6s,58,55,57,0,4,94,2.01,24.17938888888889,15.794055555555556
596,24d10m46.0s,15d48m5.2s,53,53,53,0,2,48,3.2,24.179444444444446,15.801444444444446
597,24d10m46.0s,15d47m40.8s,79,76,78,-90,4,113,2.11,24.179444444444446,15.794666666666666
598,24d10m46.2s,15d48m3.0s,45,41,44,0,2,28,3.1,24.1795,15.800833333333333
599,24d10m46.4s,15d47m13.7s,25,24,25,0,4,77,1.12,24.179555555555556,15.787138888888888
600,24d10m46.5s,15d45m18.2s,31,31,31,0,2,-248,5.0,24.179583333333333,15.755055555555556
601,24d10m46.5s,15d46m2.8s,81,68,77,0,4,74,2.94,24.179583333333333,15.767444444444445
602,24d10m46.7s,15d45m16.8s,26,26,26,0,2,-236,5.07,24.17963888888889,15.754666666666667
603,24d10m46.9s,15d47m28.9s,27,25,26,0,4,24,1.64,24.179694444444447,15.791361111111112
604,24d10m47.1s,15d47m23.3s,13,13,13,0,4,-15,1.44,24.179750000000002,15.789805555555555
605,24d10m47.1s,15d48m43.8s,21,17,19,0,1,-16,4.99,24.179750000000002,15.812166666666668
606,24d10m47.4s,15d47m23.1s,41,30,37,0,4,-15,1.44,24.179833333333335,15.78975
607,24d10m47.8s,15d47m57.1s,22,22,22,0,2,-18,2.85,24.179944444444445,15.799194444444444
608,24d10m47.9s,15d48m18.6s,44,37,42,0,2,169,3.83,24.179972222222222,15.805166666666667
609,24d10m48.4s,15d47m26.8s,28,27,28,-90,4,15,1.6,24.180111111111113,15.790777777777778
610,24d10m48.5s,15d47m24.6s,31,29,30,0,4,0,1.53,24.18013888888889,15.790166666666666
611,24d10m48.7s,15d47m57.3s,20,17,19,0,2,-14,2.88,24.180194444444446,15.79925
612,24d10m48.8s,15d48m8.9s,289,206,261,-60,2,85,3.4,24.180222222222223,15.802472222222223
613,24d10m49.0s,15d45m54.8s,79,55,71,0,4,148,3.34,24.18027777777778,15.765222222222222
614,24d10m49.2s,15d46m14.3s,27,24,26,90,4,-1,2.48,24.180333333333333,15.77063888888889
615,24d10m49.4s,15d47m45.4s,31,28,30,0,2,-115,2.37,24.18038888888889,15.795944444444444
616,24d10m49.7s,15d47m4.9s,28,28,28,-90,4,-90,1.11,24.180472222222225,15.784694444444444
617,24d10m49.9s,15d47m23.3s,30,28,29,0,4,2,1.53,24.18052777777778,15.789805555555555
618,24d10m49.9s,15d46m34.6s,48,43,46,0,4,-116,1.68,24.18052777777778,15.776277777777779
619,24d10m50.3s,15d47m57.9s,36,35,36,-90,2,-4,2.93,24.18063888888889,15.799416666666666
620,24d10m50.7s,15d45m56.1s,19,14,17,0,4,145,3.3,24.18075,15.765583333333334
621,24d10m50.8s,15d45m57.1s,21,20,20,-90,4,137,3.26,24.180777777777777,15.76586111111111
622,24d10m51.3s,15d47m58.4s,20,19,19,0,2,-2,2.97,24.18091666666667,15.799555555555555
623,24d10m51.3s,15d45m56.4s,24,18,22,0,4,144,3.3,24.18091666666667,15.765666666666666
624,24d10m51.3s,15d45m55.9s,26,20,24,0,4,149,3.32,24.18091666666667,15.765527777777777
625,24d10m51.3s,15d46m35.0s,29,28,29,90,4,-104,1.71,24.18091666666667,15.77638888888889
626,24d10m51.8s,15d48m46.6s,18,18,18,0,1,-5,5.17,24.181055555555556,15.812944444444446
627,24d10m52.4s,15d47m10.3s,26,23,25,0,4,-44,1.29,24.181222222222225,15.786194444444444
628,24d10m52.5s,15d47m20.1s,22,21,22,-90,4,-5,1.52,24.181250000000002,15.788916666666667
629,24d10m52.6s,15d47m21.4s,21,19,21,-90,4,6,1.56,24.18127777777778,15.789277777777778
630,24d10m52.8s,15d48m45.1s,33,30,32,0,1,-17,5.11,24.181333333333335,15.81252777777778
631,24d10m53.6s,15d48m7.3s,21,20,21,0,2,80,3.4,24.18155555555556,15.802027777777779
632,24d10m54.3s,15d47m34.3s,45,41,43,0,4,100,2.05,24.18175,15.792861111111112
633,24d10m54.7s,15d47m24.7s,153,132,146,0,4,39,1.74,24.18186111111111,15.790194444444444
634,24d10m55.0s,15d47m57.0s,35,33,34,0,2,-4,2.98,24.181944444444447,15.799166666666666
635,24d10m55.6s,15d48m22.0s,53,51,52,90,2,213,4.09,24.182111111111112,15.806111111111111
636,24d10m55.7s,15d47m36.1s,31,31,31,90,4,120,2.16,24.18213888888889,15.79336111111111
637,24d10m56.0s,15d46m10.3s,24,22,23,0,4,61,2.79,24.182222222222222,15.769527777777778
638,24d10m56.0s,15d48m13.1s,32,29,31,0,2,135,3.7,24.182222222222222,15.803638888888889
639,24d10m56.8s,15d47m9.4s,33,30,32,0,4,-17,1.47,24.182444444444446,15.785944444444445
640,24d10m57.0s,15d46m8.9s,82,79,81,0,4,76,2.87,24.1825,15.76913888888889
641,24d10m57.3s,15d46m10.7s,35,34,35,0,4,67,2.81,24.182583333333334,15.76963888888889
642,24d10m57.7s,15d46m41.8s,28,25,27,90,4,-64,1.73,24.182694444444447,15.77827777777778
643,24d10m57.8s,15d47m59.5s,27,27,27,0,2,24,3.15,24.182722222222225,15.799861111111111
644,24d10m58.3s,15d47m57.5s,17,17,17,0,2,12,3.07,24.182861111111112,15.799305555555556
645,24d10m58.5s,15d47m25.3s,47,44,46,0,4,66,1.89,24.182916666666667,15.79036111111111
646,24d10m58.8s,15d47m59.9s,18,17,18,-90,2,31,3.19,24.183,15.799972222222221
647,24d10m59.0s,15d46m25.8s,51,39,47,0,4,-10,2.27,24.18305555555556,15.773833333333334
648,24d10m59.0s,15d46m11.2s,24,23,24,0,4,74,2.83,24.18305555555556,15.76977777777778
649,24d10m59.2s,15d48m13.4s,39,24,34,40,2,145,3.77,24.183111111111113,15.803722222222223
650,24d10m59.6s,15d47m58.0s,18,15,17,0,2,19,3.12,24.183222222222224,15.799444444444445
651,24d10m59.7s,15d46m32.4s,43,37,41,90,4,-30,2.07,24.18325,15.775666666666668
652,24d10m59.8s,15d48m1.9s,16,15,16,0,2,51,3.29,24.18327777777778,15.800527777777779
653,24d11m0.1s,15d47m18.3s,90,78,86,0,4,42,1.77,24.18336111111111,15.788416666666667
654,24d11m0.1s,15d47m59.9s,24,23,24,-90,2,36,3.21,24.18336111111111,15.799972222222221
655,24d11m0.3s,15d48m1.6s,18,17,18,0,2,51,3.29,24.183416666666666,15.800444444444445
656,24d11m0.4s,15d47m12.0s,33,32,33,-90,4,17,1.66,24.183444444444444,15.786666666666667
657,24d11m0.9s,15d48m4.8s,34,27,31,90,2,79,3.44,24.183583333333335,15.801333333333334
658,24d11m1.2s,15d48m2.2s,35,31,34,0,2,59,3.33,24.183666666666667,15.800611111111111
659,24d11m1.4s,15d48m4.2s,33,33,33,0,2,76,3.42,24.183722222222222,15.801166666666667
660,24d11m1.7s,15d46m57.5s,125,110,120,-90,4,-20,1.65,24.183805555555555,15.78263888888889
661,24d11m1.7s,15d47m12.9s,29,29,29,-90,4,32,1.74,24.183805555555555,15.786916666666666
662,24d11m1.9s,15d47m9.7s,15,14,15,0,4,17,1.7,24.18386111111111,15.786027777777777
663,24d11m2.0s,15d47m58.2s,49,47,48,-90,2,30,3.19,24.183888888888887,15.7995
664,24d11m2.1s,15d47m16.0s,62,43,55,50,4,47,1.8,24.18391666666667,15.787777777777778
665,24d11m2.7s,15d46m2.5s,33,32,33,0,4,152,3.27,24.184083333333334,15.767361111111112
666,24d11m2.7s,15d48m17.3s,17,16,17,0,2,190,4.01,24.184083333333334,15.804805555555557
667,24d11m3.6s,15d46m50.7s,140,80,120,30,4,-10,1.8,24.184333333333335,15.780750000000001
668,24d11m4.1s,15d46m10.8s,35,27,32,90,4,108,2.97,24.184472222222222,15.769666666666668
669,24d11m4.5s,15d45m26.7s,41,37,40,0,2,-205,4.84,24.184583333333332,15.757416666666666
670,24d11m4.7s,15d47m55.8s,18,15,17,0,2,21,3.16,24.184638888888887,15.798833333333333
671,24d11m4.7s,15d46m9.6s,24,23,24,90,4,119,3.04,24.184638888888887,15.769333333333334
672,24d11m5.4s,15d48m3.0s,36,32,35,0,2,82,3.46,24.184833333333334,15.800833333333333
673,24d11m5.9s,15d45m32.4s,334,238,302,-60,2,-228,4.61,24.18497222222222,15.759
674,24d11m6.1s,15d46m3.1s,61,61,61,90,4,169,3.33,24.18502777777778,15.76752777777778
675,24d11m6.2s,15d47m7.8s,31,30,30,-90,4,46,1.87,24.185055555555557,15.7855
676,24d11m6.2s,15d46m38.4s,33,31,32,0,4,12,2.14,24.185055555555557,15.777333333333335
677,24d11m6.3s,15d47m10.3s,31,30,30,-90,4,55,1.9,24.185083333333335,15.786194444444444
678,24d11m6.9s,15d46m32.8s,32,31,31,0,4,26,2.32,24.18525,15.775777777777778
679,24d11m7.0s,15d46m39.7s,28,22,26,0,4,13,2.15,24.185277777777777,15.777694444444446
680,24d11m7.0s,15d46m13.3s,92,86,90,-90,4,109,2.96,24.185277777777777,15.770361111111113
681,24d11m7.4s,15d46m32.1s,34,29,32,0,4,32,2.36,24.185388888888887,15.775583333333334
682,24d11m7.4s,15d46m59.7s,44,41,43,0,4,30,1.91,24.185388888888887,15.78325
683,24d11m8.2s,15d46m40.6s,25,24,25,90,4,23,2.17,24.18561111111111,15.777944444444445
684,24d11m8.2s,15d46m38.8s,26,21,24,0,4,26,2.21,24.18561111111111,15.777444444444445
685,24d11m8.6s,15d46m20.1s,560,483,534,-90,4,86,2.77,24.18572222222222,15.772250000000001
686,24d11m8.8s,15d46m32.5s,44,44,44,0,4,43,2.4,24.185777777777776,15.775694444444445
687,24d11m9.1s,15d47m10.2s,35,32,34,0,4,78,2.03,24.185861111111112,15.786166666666666
688,24d11m10.6s,15d47m12.6s,55,48,53,0,4,97,2.12,24.18627777777778,15.786833333333334
689,24d11m10.9s,15d46m49.8s,89,89,89,0,4,45,2.13,24.18636111111111,15.7805
690,24d11m11.3s,15d46m58.0s,28,27,28,0,4,63,2.09,24.18647222222222,15.78277777777778
691,24d11m14.3s,15d45m33.8s,37,26,33,90,2,-174,4.72,24.187305555555557,15.75938888888889
692,24d11m14.8s,15d45m41.7s,42,42,42,0,2,-208,4.4,24.187444444444445,15.761583333333334
693,24d11m16.0s,15d46m32.3s,28,24,27,0,4,102,2.68,24.18777777777778,15.77563888888889
694,24d11m16.4s,15d45m39.7s,24,24,24,0,2,-185,4.53,24.18788888888889,15.761027777777779
695,24d11m16.5s,15d47m44.2s,46,45,46,-90,2,-5,3.1,24.187916666666666,15.79561111111111
696,24d11m16.9s,15d47m17.8s,19,17,18,-90,4,166,2.47,24.188027777777776,15.788277777777777
697,24d11m17.4s,15d47m43.4s,29,27,28,0,2,-8,3.11,24.188166666666667,15.795388888888889
698,24d11m18.2s,15d47m34.3s,25,21,23,0,2,-66,2.88,24.188388888888888,15.792861111111112
699,24d11m18.3s,15d45m49.4s,46,39,44,0,2,-209,4.18,24.18841666666667,15.763722222222222
700,24d11m18.7s,15d45m56.4s,27,26,27,0,2,-217,3.93,24.18852777777778,15.765666666666666
701,24d11m18.8s,15d46m46.4s,86,74,82,-90,4,114,2.53,24.188555555555556,15.779555555555556
702,24d11m19.0s,15d47m19.0s,18,17,17,0,2,-150,2.58,24.18861111111111,15.788611111111111
703,24d11m19.0s,15d46m24.9s,48,47,48,0,4,146,2.99,24.18861111111111,15.773583333333335
704,24d11m19.2s,15d45m54.0s,45,41,44,0,2,-207,4.03,24.188666666666666,15.765
705,24d11m19.2s,15d47m19.4s,26,25,26,0,2,-145,2.6,24.188666666666666,15.788722222222223
706,24d11m19.3s,15d45m45.2s,49,49,49,0,2,-188,4.37,24.188694444444444,15.762555555555556
707,24d11m19.4s,15d45m42.3s,31,31,31,0,2,-174,4.49,24.18872222222222,15.76175
708,24d11m19.6s,15d45m55.5s,38,30,36,0,2,-207,3.98,24.188777777777776,15.765416666666667
709,24d11m20.3s,15d45m27.3s,71,64,69,90,2,-101,5.13,24.188972222222223,15.757583333333333
710,24d11m20.6s,15d46m24.7s,55,53,55,0,4,160,3.05,24.189055555555555,15.773527777777778
711,24d11m20.8s,15d47m16.1s,22,19,21,0,2,-156,2.62,24.18911111111111,15.787805555555556
712,24d11m20.9s,15d46m11.0s,40,34,38,90,4,219,3.47,24.189138888888888,15.769722222222223
713,24d11m21.4s,15d46m5.5s,31,28,30,0,2,-227,3.68,24.18927777777778,15.768194444444445
714,24d11m21.4s,15d46m12.8s,53,49,52,0,4,214,3.43,24.18927777777778,15.770222222222223
715,24d11m22.2s,15d46m10.2s,49,44,47,90,4,233,3.55,24.1895,15.7695
716,24d11m22.3s,15d46m35.3s,223,213,220,90,4,152,2.87,24.189527777777776,15.776472222222223
717,24d11m22.5s,15d45m30.2s,103,73,93,-50,2,-96,5.06,24.189583333333335,15.75838888888889
718,24d11m22.6s,15d45m47.4s,51,48,50,0,2,-168,4.38,24.189611111111113,15.763166666666667
719,24d11m22.8s,15d46m6.3s,32,28,30,0,2,-219,3.7,24.189666666666668,15.768416666666667
720,24d11m23.3s,15d45m49.3s,17,16,16,0,2,-167,4.32,24.189805555555555,15.763694444444445
721,24d11m24.9s,15d45m49.2s,26,25,26,0,2,-154,4.37,24.19025,15.763666666666667
722,24d11m25.1s,15d45m21.1s,27,23,25,0,2,-34,5.49,24.190305555555558,15.75586111111111
723,24d11m25.7s,15d45m51.4s,24,22,24,0,2,-148,4.31,24.190472222222223,15.764277777777778
724,24d11m26.1s,15d45m24.3s,27,23,26,0,2,-44,5.38,24.190583333333333,15.75675
725,24d11m26.6s,15d46m1.8s,24,22,23,0,2,-172,3.97,24.190722222222224,15.767166666666668
726,24d11m26.9s,15d45m24.3s,24,21,23,0,2,-39,5.4,24.190805555555556,15.75675
727,24d11m27.2s,15d45m54.0s,21,20,21,0,2,-140,4.26,24.19088888888889,15.765
728,24d11m27.4s,15d45m23.3s,34,27,32,0,2,-30,5.45,24.190944444444444,15.756472222222222
729,24d11m27.4s,15d45m27.1s,31,24,29,0,2,-44,5.3,24.190944444444444,15.757527777777778
730,24d11m28.1s,15d46m55.7s,36,35,36,90,2,-177,2.87,24.19113888888889,15.78213888888889
731,24d11m28.5s,15d45m24.1s,29,26,28,0,2,-27,5.45,24.19125,15.756694444444445
732,24d11m29.0s,15d45m23.0s,23,22,23,90,2,-18,5.5,24.191388888888888,15.756388888888889
733,24d11m29.2s,15d45m24.9s,27,23,26,0,2,-22,5.43,24.191444444444446,15.756916666666667
734,24d11m29.4s,15d45m24.2s,25,21,24,0,2,-20,5.47,24.1915,15.756722222222223
735,24d11m29.8s,15d45m26.4s,38,37,38,0,2,-25,5.39,24.19161111111111,15.757333333333333
736,24d11m29.9s,15d46m54.0s,22,20,22,0,2,-165,2.96,24.19163888888889,15.781666666666668
737,24d11m29.9s,15d46m54.7s,32,32,32,0,2,-164,2.96,24.19163888888889,15.781861111111112
738,24d11m30.0s,15d45m25.0s,22,22,22,0,2,-16,5.45,24.191666666666666,15.756944444444445
739,24d11m30.5s,15d45m27.9s,22,22,22,0,2,-30,5.35,24.191805555555558,15.75775
740,24d11m31.5s,15d45m25.1s,25,23,24,0,2,-8,5.48,24.192083333333333,15.756972222222222
741,24d11m32.1s,15d46m43.8s,72,70,72,0,2,-170,3.15,24.19225,15.778833333333335
742,24d11m32.2s,15d46m20.6s,33,29,31,0,2,-174,3.6,24.19227777777778,15.772388888888889
743,24d11m32.3s,15d45m24.8s,23,23,23,90,2,2,5.51,24.192305555555556,15.75688888888889
744,24d11m33.0s,15d45m28.3s,39,36,38,0,2,-9,5.39,24.1925,15.757861111111112
745,24d11m33.6s,15d45m40.7s,37,32,35,0,2,-59,4.94,24.192666666666668,15.761305555555555
746,24d11m34.3s,15d46m20.0s,48,38,45,90,2,-155,3.7,24.19286111111111,15.772222222222224
747,24d11m34.4s,15d45m29.4s,27,27,27,0,2,-7,5.39,24.192888888888888,15.758166666666666
748,24d11m34.4s,15d45m31.5s,33,31,32,0,2,-17,5.31,24.192888888888888,15.75875
749,24d11m35.9s,15d45m30.3s,38,35,37,0,2,-4,5.39,24.193305555555554,15.758416666666667
750,24d11m35.9s,15d46m22.7s,34,31,33,0,2,-142,3.7,24.193305555555554,15.772972222222222
751,24d11m36.2s,15d46m21.9s,25,21,24,0,2,-138,3.73,24.19338888888889,15.77275
752,24d11m37.0s,15d45m27.3s,25,23,24,0,2,22,5.54,24.19361111111111,15.757583333333333
753,24d11m37.1s,15d45m28.0s,21,15,19,0,2,18,5.52,24.193638888888888,15.757777777777777
754,24d11m37.8s,15d45m30.5s,44,37,42,0,2,11,5.44,24.193833333333334,15.758472222222222
755,24d11m41.7s,15d45m45.8s,39,33,37,0,2,-8,5.0,24.194916666666668,15.762722222222223
756,24d11m42.4s,15d45m51.3s,36,33,35,0,2,-10,4.84,24.19511111111111,15.76425
757,24d11m42.9s,15d45m34.8s,25,24,25,90,2,31,5.43,24.19525,15.759666666666666
758,24d11m43.3s,15d45m45.9s,36,31,34,0,2,5,5.05,24.19536111111111,15.76275
759,24d11m43.4s,15d45m48.8s,27,25,26,0,2,5,4.96,24.19538888888889,15.763555555555556
760,24d11m44.5s,15d45m39.1s,28,24,27,0,2,30,5.32,24.195694444444445,15.760861111111112
761,24d11m44.7s,15d45m49.3s,92,82,89,0,2,13,4.98,24.19575,15.763694444444445
762,24d11m44.9s,15d45m44.5s,21,20,21,0,2,19,5.15,24.195805555555555,15.762361111111112
763,24d11m45.7s,15d45m50.6s,38,36,37,0,2,19,4.97,24.19602777777778,15.764055555555556
764,24d11m45.9s,15d46m14.3s,51,48,50,0,2,-48,4.3,24.196083333333334,15.77063888888889
765,24d11m45.9s,15d45m44.3s,26,24,25,0,2,28,5.19,24.196083333333334,15.762305555555555
766,24d11m46.0s,15d46m7.1s,26,26,26,0,2,-32,4.49,24.19611111111111,15.768638888888889
767,24d11m46.2s,15d45m46.1s,39,34,38,0,2,30,5.14,24.196166666666667,15.762805555555556
768,24d11m46.4s,15d46m11.0s,39,32,37,0,2,-36,4.4,24.19622222222222,15.769722222222223
769,24d11m46.7s,15d45m42.1s,17,17,17,0,2,41,5.29,24.196305555555554,15.761694444444444
770,24d11m47.1s,15d46m11.7s,24,23,24,90,2,-30,4.41,24.196416666666668,15.769916666666667
771,24d11m47.6s,15d46m9.6s,68,59,65,0,2,-26,4.48,24.196555555555555,15.769333333333334
772,24d11m47.6s,15d45m44.0s,26,24,25,0,2,43,5.25,24.196555555555555,15.762222222222222
773,24d11m47.7s,15d45m47.2s,37,33,36,0,2,43,5.15,24.196583333333333,15.763111111111112
774,24d11m47.8s,15d46m10.7s,26,25,25,0,2,-24,4.46,24.19661111111111,15.76963888888889
775,24d11m48.1s,15d46m23.9s,30,28,29,90,2,-38,4.17,24.196694444444443,15.773305555555556
776,24d11m48.1s,15d46m7.9s,32,31,32,0,2,-15,4.55,24.196694444444443,15.768861111111113
777,24d11m48.7s,15d45m45.2s,19,18,19,0,2,52,5.25,24.19686111111111,15.762555555555556
778,24d11m48.9s,15d45m51.3s,47,42,45,0,2,40,5.06,24.196916666666667,15.76425
779,24d11m49.0s,15d45m53.7s,34,34,34,0,2,31,4.99,24.196944444444444,15.764916666666666
780,24d11m49.3s,15d45m36.3s,27,20,25,0,2,78,5.57,24.197027777777777,15.760083333333334
781,24d11m49.4s,15d45m45.8s,26,23,25,0,2,58,5.26,24.197055555555554,15.762722222222223
782,24d11m49.7s,15d45m44.9s,24,23,23,0,2,60,5.3,24.19713888888889,15.762472222222222
783,24d11m50.3s,15d45m47.9s,31,28,30,0,2,62,5.22,24.197305555555555,15.763305555555556
784,24d11m50.3s,15d45m37.0s,22,22,22,0,2,82,5.58,24.197305555555555,15.760277777777778
785,24d11m50.7s,15d46m11.8s,16,12,15,0,2,-6,4.55,24.197416666666665,15.769944444444445
786,24d11m50.9s,15d46m6.4s,48,44,47,0,2,9,4.69,24.197472222222224,15.768444444444444
787,24d11m51.0s,15d46m11.4s,20,18,19,0,2,4,4.57,24.1975,15.769833333333334
